source,target
agno,aiohttp
agno,opentelemetry-exporter-otlp-proto-grpc
agno,typing-extensions
agno,mem0ai
agno,google-genai
agno,arxiv
agno,docstring-parser
agno,lxml_html_clean
agno,pgvector
agno,anthropic
agno,litellm
agno,clickhouse-connect
agno,tantivy
agno,boto3
agno,agentql
agno,arize-phoenix
agno,pytest
agno,cerebras-cloud-sdk
agno,elevenlabs
agno,upstash-vector
agno,infinity_client
agno,pytest-asyncio
agno,google-cloud-bigquery
agno,memorisdk
agno,email_validator
agno,llama-api-client
agno,ollama
agno,youtube_transcript_api
agno,agno-infra
agno,chromadb
agno,qdrant-client
agno,pinecone
agno,opentelemetry-distro
agno,markdown
agno,googlemaps
agno,oxylabs
agno,twine
agno,google-auth-oauthlib
agno,pillow
agno,pyyaml
agno,openlit
agno,python-docx
agno,exa_py
agno,browserbase
agno,google-cloud-storage
agno,pydantic
agno,agno
agno,cohere
agno,valyu
agno,gitpython
agno,fastmcp
agno,mcp
agno,ddgs
agno,lancedb
agno,pylance
agno,atlassian-python-api
agno,webexpythonsdk
agno,packaging
agno,h11
agno,newspaper4k
agno,pypdf
agno,ibm-watsonx-ai
agno,python-multipart
agno,pymongo
agno,ag-ui-protocol
agno,mistralai
agno,google-cloud-firestore
agno,couchbase
agno,tavily-python
agno,build
agno,redis
agno,firecrawl-py
agno,daytona
agno,unstructured
agno,brave-search
agno,openai
agno,opentelemetry-exporter-otlp
agno,web3
agno,apify-client
agno,duckdb
agno,python-pptx
agno,google-api-python-client
agno,chonkie
agno,pymilvus
agno,groq
agno,uvicorn
agno,google-maps-places
agno,pydantic-settings
agno,yfinance
agno,redisvl
agno,a2a-sdk
agno,psycopg
agno,todoist-api-python
agno,rich
agno,asyncpg
agno,pytest-mock
agno,surrealdb
agno,sqlalchemy
agno,azure-ai-inference
agno,fal_client
agno,notion-client
agno,timeout-decorator
agno,crawl4ai
agno,typer
agno,cassio
agno,mypy
agno,parallel-web
agno,lmstudio
agno,portkey-ai
agno,opentelemetry-sdk
agno,opencv-python
agno,types-pyyaml
agno,weaviate-client
agno,langfuse
agno,zep-cloud
agno,scrapegraph-py
agno,memory_profiler
agno,neo4j
agno,pygithub
agno,psycopg-binary
agno,reportlab
agno,aioboto3
agno,aiofiles
agno,httpx
agno,pyjwt
agno,weave
agno,types-aiofiles
agno,ruff
agno,pytest-cov
agno,fastapi
agno,inquirer
agno,huggingface-hub
agno,playwright
agno,google-auth-httplib2
agno,matplotlib
agno,python-dotenv
agno,cartesia
agno,rapidocr_onnxruntime
agno,trafilatura
aiohttp,aiohappyeyeballs
aiohttp,async-timeout
aiohttp,aiodns
aiohttp,aiosignal
aiohttp,yarl
aiohttp,frozenlist
aiohttp,multidict
aiohttp,propcache
aiohttp,attrs
aiohttp,brotlicffi
aiohttp,brotli
aiohttp,backports.zstd
aiomysql,pymysql
aiomysql,sqlalchemy
anki,requests
anki,decorator
anki,typing-extensions
anki,orjson
anki,markdown
anki,protobuf
anki,distro
ansible,ansible-core
ansible-core,pyyaml
ansible-core,jinja2
ansible-core,resolvelib
ansible-core,packaging
ansible-core,cryptography
apache-airflow,apache-airflow-providers-sendgrid
apache-airflow,apache-airflow-providers-vertica
apache-airflow,apache-airflow-providers-microsoft-psrp
apache-airflow,apache-airflow-providers-apache-kylin
apache-airflow,apache-airflow-providers-google
apache-airflow,apache-airflow-providers-qdrant
apache-airflow,apache-airflow-providers-samba
apache-airflow,apache-airflow-providers-apache-livy
apache-airflow,apache-airflow-providers-apache-beam
apache-airflow,apache-airflow-providers-teradata
apache-airflow,apache-airflow-providers-common-sql
apache-airflow,apache-airflow-providers-common-compat
apache-airflow,apache-airflow-providers-ssh
apache-airflow,apache-airflow-providers-apprise
apache-airflow,apache-airflow-providers-celery
apache-airflow,apache-airflow-providers-apache-cassandra
apache-airflow,apache-airflow-providers-trino
apache-airflow,apache-airflow-providers-apache-drill
apache-airflow,apache-airflow-providers-dbt-cloud
apache-airflow,apache-airflow-providers-standard
apache-airflow,apache-airflow-task-sdk
apache-airflow,apache-airflow-providers-pagerduty
apache-airflow,apache-airflow-providers-cncf-kubernetes
apache-airflow,apache-airflow-providers-postgres
apache-airflow,apache-airflow-providers-odbc
apache-airflow,apache-airflow-providers-atlassian-jira
apache-airflow,apache-airflow-providers-apache-iceberg
apache-airflow,apache-airflow-providers-apache-spark
apache-airflow,apache-airflow-providers-elasticsearch
apache-airflow,apache-airflow-providers-openfaas
apache-airflow,apache-airflow-providers-apache-druid
apache-airflow,apache-airflow-providers-openai
apache-airflow,apache-airflow-providers-salesforce
apache-airflow,apache-airflow-providers-apache-impala
apache-airflow,apache-airflow-providers-grpc
apache-airflow,apache-airflow-providers-common-messaging
apache-airflow,apache-airflow-providers-presto
apache-airflow,apache-airflow-providers-jenkins
apache-airflow,apache-airflow-providers-apache-pig
apache-airflow,apache-airflow-providers-mongo
apache-airflow,apache-airflow-providers-fab
apache-airflow,apache-airflow-providers-weaviate
apache-airflow,apache-airflow-providers-alibaba
apache-airflow,apache-airflow-providers-apache-pinot
apache-airflow,apache-airflow-providers-common-io
apache-airflow,cloudpickle
apache-airflow,apache-airflow-providers-sftp
apache-airflow,apache-airflow-providers-apache-tinkerpop
apache-airflow,apache-airflow-providers-microsoft-winrm
apache-airflow,apache-airflow-providers-arangodb
apache-airflow,apache-airflow-providers-snowflake
apache-airflow,apache-airflow-providers-telegram
apache-airflow,apache-airflow-providers-cloudant
apache-airflow,apache-airflow-providers-yandex
apache-airflow,apache-airflow-providers-mysql
apache-airflow,apache-airflow-providers-edge3
apache-airflow,apache-airflow-providers-apache-hdfs
apache-airflow,apache-airflow-providers-tableau
apache-airflow,apache-airflow-providers-pinecone
apache-airflow,apache-airflow-providers-apache-flink
apache-airflow,apache-airflow-providers-http
apache-airflow,apache-airflow-providers-singularity
apache-airflow,apache-airflow-providers-apache-hive
apache-airflow,apache-airflow-providers-asana
apache-airflow,apache-airflow-providers-imap
apache-airflow,apache-airflow-providers-opensearch
apache-airflow,apache-airflow-providers-opsgenie
apache-airflow,apache-airflow-providers-exasol
apache-airflow,apache-airflow-providers-oracle
apache-airflow,apache-airflow-providers-slack
apache-airflow,atlasclient
apache-airflow,apache-airflow-providers-dingding
apache-airflow,apache-airflow-providers-cohere
apache-airflow,authlib
apache-airflow,apache-airflow-core
apache-airflow,apache-airflow-providers-smtp
apache-airflow,apache-airflow-providers-jdbc
apache-airflow,apache-airflow-providers-ftp
apache-airflow,apache-airflow-providers-github
apache-airflow,apache-airflow-providers-hashicorp
apache-airflow,apache-airflow-providers-papermill
apache-airflow,apache-airflow-providers-microsoft-azure
apache-airflow,apache-airflow-providers-docker
apache-airflow,apache-airflow-providers-influxdb
apache-airflow,apache-airflow-providers-datadog
apache-airflow,apache-airflow-providers-airbyte
apache-airflow,uv
apache-airflow,apache-airflow-providers-git
apache-airflow,apache-airflow-providers-zendesk
apache-airflow,apache-airflow-providers-segment
apache-airflow,apache-airflow-providers-neo4j
apache-airflow,apache-airflow-providers-ydb
apache-airflow,apache-airflow-providers-openlineage
apache-airflow,apache-airflow-providers-keycloak
apache-airflow,apache-airflow-providers-apache-kafka
apache-airflow,apache-airflow-providers-redis
apache-airflow,apache-airflow-providers-microsoft-mssql
apache-airflow,apache-airflow-providers-facebook
apache-airflow,apache-airflow-providers-amazon
apache-airflow,apache-airflow-providers-sqlite
apache-airflow,amqp
apache-airflow,apache-airflow-providers-databricks
apache-airflow,apache-airflow-providers-discord
apache-airflow,python-ldap
apache-airflow,apache-airflow-providers-pgvector
apache-airflow-providers-cncf-kubernetes,asgiref
apache-airflow-providers-cncf-kubernetes,kubernetes
apache-airflow-providers-cncf-kubernetes,aiofiles
apache-airflow-providers-cncf-kubernetes,apache-airflow-providers-common-compat
apache-airflow-providers-cncf-kubernetes,cryptography
apache-airflow-providers-cncf-kubernetes,apache-airflow
apache-airflow-providers-cncf-kubernetes,kubernetes_asyncio
apache-airflow-providers-common-sql,apache-airflow-providers-openlineage
apache-airflow-providers-common-sql,sqlparse
apache-airflow-providers-common-sql,methodtools
apache-airflow-providers-common-sql,more-itertools
apache-airflow-providers-common-sql,apache-airflow
apache-airflow-providers-common-sql,polars
apache-airflow-providers-common-sql,pandas
apache-airflow-providers-fab,connexion
apache-airflow-providers-fab,flask
apache-airflow-providers-fab,kerberos
apache-airflow-providers-fab,jmespath
apache-airflow-providers-fab,flask-sqlalchemy
apache-airflow-providers-fab,werkzeug
apache-airflow-providers-fab,blinker
apache-airflow-providers-fab,apache-airflow-providers-common-compat
apache-airflow-providers-fab,flask-wtf
apache-airflow-providers-fab,wtforms
apache-airflow-providers-fab,flask-login
apache-airflow-providers-fab,msgpack
apache-airflow-providers-fab,sqlalchemy
apache-airflow-providers-fab,flask-appbuilder
apache-airflow-providers-fab,flask-session
apache-airflow-providers-fab,apache-airflow
apache-airflow-providers-fab,flask_limiter
apache-airflow-providers-ftp,apache-airflow-providers-openlineage
apache-airflow-providers-ftp,apache-airflow
apache-airflow-providers-ftp,apache-airflow-providers-common-compat
apache-airflow-providers-mongo,dnspython
apache-airflow-providers-mongo,apache-airflow
apache-airflow-providers-mongo,pymongo
apache-airflow-providers-mysql,apache-airflow-providers-openlineage
apache-airflow-providers-mysql,apache-airflow-providers-vertica
apache-airflow-providers-mysql,mysql-connector-python
apache-airflow-providers-mysql,apache-airflow-providers-common-sql
apache-airflow-providers-mysql,aiomysql
apache-airflow-providers-mysql,apache-airflow-providers-presto
apache-airflow-providers-mysql,mysqlclient
apache-airflow-providers-mysql,apache-airflow-providers-trino
apache-airflow-providers-mysql,apache-airflow
apache-airflow-providers-mysql,apache-airflow-providers-amazon
apache-airflow-providers-snowflake,pyarrow
apache-airflow-providers-snowflake,apache-airflow-providers-microsoft-azure
apache-airflow-providers-snowflake,apache-airflow-providers-openlineage
apache-airflow-providers-snowflake,snowflake-connector-python
apache-airflow-providers-snowflake,apache-airflow-providers-common-sql
apache-airflow-providers-snowflake,apache-airflow-providers-common-compat
apache-airflow-providers-snowflake,snowflake-sqlalchemy
apache-airflow-providers-snowflake,snowflake-snowpark-python
apache-airflow-providers-snowflake,apache-airflow
apache-airflow-providers-snowflake,pandas
asteval,build
asteval,coverage
asteval,asteval
asteval,sphinx
asteval,twine
asteval,pytest
asteval,pytest-cov
astropy,jinja2
astropy,mpmath
astropy,bleach
astropy,h5py
astropy,sphinx_design
astropy,dask
astropy,jupyter-core
astropy,beautifulsoup4
astropy,pandas-stubs
astropy,pyyaml
astropy,sgp4
astropy,fsspec
astropy,skyfield
astropy,ipython
astropy,asdf-astropy
astropy,pytest
astropy,pyerfa
astropy,jplephem
astropy,numpy
astropy,ipykernel
astropy,ipywidgets
astropy,scipy
astropy,html5lib
astropy,coverage
astropy,s3fs
astropy,pre-commit
astropy,packaging
astropy,pytest-astropy-header
astropy,array-api-strict
astropy,pytest-doctestplus
astropy,sphinx
astropy,pytest-astropy
astropy,sphinx-astropy
astropy,pandas
astropy,pyarrow
astropy,sphinxcontrib-globalsubs
astropy,threadpoolctl
astropy,matplotlib
astropy,objgraph
astropy,bottleneck
astropy,astropy-iers-data
astropy,uncompresspy
astropy,asdf
astropy,pytest-xdist
astropy,certifi
astropy,sphinx-changelog
astropy,ipydatagrid
astropy,astropy
astropy,tox
astropy,sortedcontainers
astropy,pytz
asyncssh,libnacl
asyncssh,typing_extensions
asyncssh,bcrypt
asyncssh,fido2
asyncssh,python-pkcs11
asyncssh,pywin32
asyncssh,cryptography
asyncssh,gssapi
asyncssh,pyopenssl
authlib,cryptography
aws-sam-cli,parameterized
aws-sam-cli,click
aws-sam-cli,jmespath
aws-sam-cli,aws-sam-translator
aws-sam-cli,typing_extensions
aws-sam-cli,pytest-metadata
aws-sam-cli,tomlkit
aws-sam-cli,mypy
aws-sam-cli,regex
aws-sam-cli,types-pywin32
aws-sam-cli,pyyaml
aws-sam-cli,chevron
aws-sam-cli,aws_lambda_builders
aws-sam-cli,types-pyyaml
aws-sam-cli,pytest-timeout
aws-sam-cli,cookiecutter
aws-sam-cli,dateparser
aws-sam-cli,docker
aws-sam-cli,boto3
aws-sam-cli,ruamel_yaml
aws-sam-cli,boto3-stubs
aws-sam-cli,jsonschema
aws-sam-cli,types-jsonschema
aws-sam-cli,pytest-json-report-wip
aws-sam-cli,types-docutils
aws-sam-cli,pyopenssl
aws-sam-cli,types-dateparser
aws-sam-cli,pytest
aws-sam-cli,types-requests
aws-sam-cli,types-pygments
aws-sam-cli,flask
aws-sam-cli,black
aws-sam-cli,types-urllib3
aws-sam-cli,types-chevron
aws-sam-cli,types-pyopenssl
aws-sam-cli,ruff
aws-sam-cli,pytest-forked
aws-sam-cli,psutil
aws-sam-cli,pytest-cov
aws-sam-cli,requests
aws-sam-cli,tzlocal
aws-sam-cli,filelock
aws-sam-cli,pytest-xdist
aws-sam-cli,rich
aws-sam-cli,pytest-rerunfailures
aws-sam-cli,types-psutil
aws-sam-cli,cfn-lint
aws-sam-cli,watchdog
aws-sam-cli,types-setuptools
aws-sam-cli,types-colorama
aws-sam-cli,coverage
azure-identity,azure-core
azure-identity,msal-extensions
azure-identity,typing-extensions
azure-identity,cryptography
azure-identity,msal
black,uvloop
black,click
black,mypy-extensions
black,pytokens
black,aiohttp
black,typing-extensions
black,platformdirs
black,tokenize-rt
black,packaging
black,tomli
black,colorama
black,pathspec
black,ipython
browser-use,click
browser-use,aiohttp
browser-use,textual
browser-use,typing-extensions
browser-use,google-auth
browser-use,imgcat
browser-use,google-genai
browser-use,posthog
browser-use,google-auth-oauthlib
browser-use,pillow
browser-use,anthropic
browser-use,langchain-openai
browser-use,imageio
browser-use,boto3
browser-use,pydantic
browser-use,datamodel-code-generator
browser-use,authlib
browser-use,openai
browser-use,reportlab
browser-use,botocore
browser-use,numpy
browser-use,cloudpickle
browser-use,mcp
browser-use,httpx
browser-use,google-api-core
browser-use,anyio
browser-use,lmnr
browser-use,screeninfo
browser-use,google-api-python-client
browser-use,groq
browser-use,psutil
browser-use,cdp-use
browser-use,pandas
browser-use,requests
browser-use,markdownify
browser-use,oci
browser-use,uuid7
browser-use,matplotlib
browser-use,pypdf
browser-use,ollama
browser-use,pyobjc
browser-use,python-dotenv
browser-use,rich
browser-use,inquirerpy
browser-use,agentmail
browser-use,tabulate
browser-use,portalocker
browser-use,pyotp
browser-use,bubus
cadwyn,jinja2
cadwyn,fastapi
cadwyn,starlette
cadwyn,backports-strenum
cadwyn,typing-extensions
cadwyn,typing-inspection
cadwyn,typer
cadwyn,pydantic
check-jsonschema,requests
check-jsonschema,click
check-jsonschema,regress
check-jsonschema,jsonschema
check-jsonschema,tomli
check-jsonschema,ruamel.yaml
clearml,six
clearml,azure-storage-blob
clearml,urllib3
clearml,pillow
clearml,pyyaml
clearml,pathlib2
clearml,referencing
clearml,google-cloud-storage
clearml,boto3
clearml,jsonschema
clearml,attrs
clearml,python-dateutil
clearml,numpy
clearml,pyjwt
clearml,httpx
clearml,furl
clearml,uvicorn
clearml,psutil
clearml,requests
clearml,fastapi
clearml,pyparsing
copier,jinja2-ansible-filters
copier,jinja2
copier,dunamai
copier,pyyaml
copier,eval-type-backport
copier,questionary
copier,pygments
copier,typing-extensions
copier,platformdirs
copier,packaging
copier,pydantic
copier,funcy
copier,colorama
copier,plumbum
copier,pathspec
crawl4ai,click
crawl4ai,alphashape
crawl4ai,aiohttp
crawl4ai,sentence-transformers
crawl4ai,humanize
crawl4ai,rank-bm25
crawl4ai,fake-useragent
crawl4ai,scikit-learn
crawl4ai,selenium
crawl4ai,shapely
crawl4ai,beautifulsoup4
crawl4ai,pillow
crawl4ai,pyyaml
crawl4ai,aiosqlite
crawl4ai,litellm
crawl4ai,nltk
crawl4ai,patchright
crawl4ai,pydantic
crawl4ai,brotli
crawl4ai,pyopenssl
crawl4ai,numpy
crawl4ai,cssselect
crawl4ai,transformers
crawl4ai,aiofiles
crawl4ai,httpx
crawl4ai,anyio
crawl4ai,snowballstemmer
crawl4ai,torch
crawl4ai,tokenizers
crawl4ai,psutil
crawl4ai,xxhash
crawl4ai,chardet
crawl4ai,requests
crawl4ai,pypdf2
crawl4ai,lxml
crawl4ai,lark
crawl4ai,playwright
crawl4ai,python-dotenv
crawl4ai,rich
crawl4ai,tf-playwright-stealth
cryptography,click
cryptography,sphinxcontrib-spelling
cryptography,typing-extensions
cryptography,bcrypt
cryptography,sphinx-rtd-theme
cryptography,mypy
cryptography,pyenchant
cryptography,pretend
cryptography,pytest-benchmark
cryptography,build
cryptography,cryptography-vectors
cryptography,pytest
cryptography,nox
cryptography,ruff
cryptography,sphinx
cryptography,readme-renderer
cryptography,pytest-cov
cryptography,check-sdist
cryptography,sphinx-inline-tabs
cryptography,pytest-randomly
cryptography,cffi
cryptography,pytest-xdist
cryptography,certifi
curl-cffi,typing_extensions
curl-cffi,readability-lxml
curl-cffi,proxy.py
curl-cffi,mypy
curl-cffi,lxml_html_clean
curl-cffi,pytest
curl-cffi,cibuildwheel
curl-cffi,wheel
curl-cffi,httpx
curl-cffi,pytest-trio
curl-cffi,trio
curl-cffi,ruff
curl-cffi,uvicorn
curl-cffi,pytest-asyncio
curl-cffi,cryptography
curl-cffi,trustme
curl-cffi,markdownify
curl-cffi,fastapi
curl-cffi,websockets
curl-cffi,cffi
curl-cffi,certifi
curl-cffi,python-multipart
curl-cffi,charset_normalizer
curl-cffi,coverage
dagster,jinja2
dagster,click
dagster,six
dagster,types-paramiko
dagster,types-backports
dagster,tomlkit
dagster,mypy
dagster,pywin32
dagster,docstring-parser
dagster,grpcio-tools
dagster,types-six
dagster,pandas-stubs
dagster,types-python-dateutil
dagster,pytest-timeout
dagster,types-pyyaml
dagster,universal_pathlib
dagster,structlog
dagster,mypy-protobuf
dagster,morefs
dagster,docker
dagster,fsspec
dagster,types-toml
dagster,jsonschema
dagster,rapidfuzz
dagster,types-tzlocal
dagster,toposort
dagster,dagster-pipes
dagster,pytest
dagster,tqdm
dagster,types-chardet
dagster,syrupy
dagster,coloredlogs
dagster,types-requests
dagster,types-certifi
dagster,types-mock
dagster,dagster-shared
dagster,responses
dagster,types-cryptography
dagster,tox
dagster,duckdb
dagster,pyright
dagster,alembic
dagster,types-pyopenssl
dagster,tomli
dagster,tzdata
dagster,grpcio-health-checking
dagster,antlr4-python3-runtime
dagster,psutil
dagster,pytest-asyncio
dagster,setuptools
dagster,flaky
dagster,ruff
dagster,types-tabulate
dagster,pytest-cov
dagster,grpcio
dagster,pandas
dagster,requests
dagster,buildkite-test-collector
dagster,types-pytz
dagster,objgraph
dagster,filelock
dagster,python-dotenv
dagster,pytest-xdist
dagster,rich
dagster,tabulate
dagster,pytest-mock
dagster,types-simplejson
dagster,protobuf
dagster,sqlalchemy
dagster,watchdog
dagster,pytz
dash,multiprocess
dash,dash_testing_stub
dash,waitress
dash,diskcache
dash,typing_extensions
dash,plotly-cloud
dash,mock
dash,selenium
dash,mimesis
dash,mypy
dash,importlib-metadata
dash,xlrd
dash,plotly
dash,retrying
dash,nest-asyncio
dash,pyyaml
dash,beautifulsoup4
dash,celery
dash,pyzmq
dash,redis
dash,ipython
dash,percy
dash,pytest
dash,coloredlogs
dash,flask
dash,black
dash,jupyterlab
dash,numpy
dash,flask-compress
dash,dash-ag-grid
dash,flask-talisman
dash,orjson
dash,pyright
dash,fire
dash,flake8
dash,flaky
dash,pytest-sugar
dash,psutil
dash,pylint
dash,setuptools
dash,cryptography
dash,pandas
dash,pyarrow
dash,openpyxl
dash,requests
dash,lxml
dash,kombu
dash,werkzeug
dash,pytest-mock
dash,pytest-rerunfailures
dbt-core,jinja2
dbt-core,click
dbt-core,daff
dbt-core,typing-extensions
dbt-core,agate
dbt-core,dbt-common
dbt-core,dbt-semantic-interfaces
dbt-core,networkx
dbt-core,pyyaml
dbt-core,sqlparse
dbt-core,pydantic
dbt-core,jsonschema
dbt-core,dbt-adapters
dbt-core,mashumaro
dbt-core,dbt-protos
dbt-core,packaging
dbt-core,pathspec
dbt-core,dbt-extractor
dbt-core,requests
dbt-core,protobuf
dbt-core,snowplow-tracker
dbt-core,pytz
deepdiff,click
deepdiff,sphinx-sitemap
deepdiff,ipdb
deepdiff,bump2version
deepdiff,tomli-w
deepdiff,pytest-benchmark
deepdiff,pyyaml
deepdiff,uuid6
deepdiff,pydantic
deepdiff,flake8-pyproject
deepdiff,python-dateutil
deepdiff,sphinxemoji
deepdiff,pytest
deepdiff,nox
deepdiff,numpy
deepdiff,jsonpickle
deepdiff,orjson
deepdiff,tomli
deepdiff,flake8
deepdiff,sphinx
deepdiff,pandas
deepdiff,pytest-cov
deepdiff,python-dotenv
deepdiff,orderly-set
deepdiff,polars
deepdiff,coverage
deepspeed,py-cpuinfo
deepspeed,torchvision
deepspeed,clang-format
deepspeed,sphinx-rtd-theme
deepspeed,mpi4py
deepspeed,future
deepspeed,msgpack
deepspeed,importlib-metadata
deepspeed,neural-compressor
deepspeed,sentencepiece
deepspeed,safetensors
deepspeed,mup
deepspeed,comet_ml
deepspeed,pydantic
deepspeed,google
deepspeed,accelerate
deepspeed,wandb
deepspeed,tensorboard
deepspeed,docutils
deepspeed,tqdm
deepspeed,pytest
deepspeed,deepspeed-kernels
deepspeed,numpy
deepspeed,transformers
deepspeed,xgboost
deepspeed,scipy
deepspeed,autodoc_pydantic
deepspeed,recommonmark
deepspeed,einops
deepspeed,packaging
deepspeed,torch
deepspeed,pre-commit
deepspeed,qtorch
deepspeed,sphinx
deepspeed,lm-eval
deepspeed,psutil
deepspeed,pytest-forked
deepspeed,ninja
deepspeed,hjson
deepspeed,pytest-randomly
deepspeed,sphinx_rtd_theme
deepspeed,pytest-xdist
deepspeed,tabulate
deepspeed,protobuf
deepspeed,triton
deepspeed,diffusers
django,asgiref
django,sqlparse
django,bcrypt
django,tzdata
django,argon2-cffi
djangorestframework,django
djangorestframework-simplejwt,django
djangorestframework-simplejwt,twine
djangorestframework-simplejwt,djangorestframework
djangorestframework-simplejwt,pyupgrade
djangorestframework-simplejwt,ipython
djangorestframework-simplejwt,pytest
djangorestframework-simplejwt,wheel
djangorestframework-simplejwt,pyjwt
djangorestframework-simplejwt,pytest-django
djangorestframework-simplejwt,tox
djangorestframework-simplejwt,pre-commit
djangorestframework-simplejwt,ruff
djangorestframework-simplejwt,sphinx
djangorestframework-simplejwt,cryptography
djangorestframework-simplejwt,pytest-watch
djangorestframework-simplejwt,pytest-cov
djangorestframework-simplejwt,yesqa
djangorestframework-simplejwt,sphinx_rtd_theme
djangorestframework-simplejwt,pytest-xdist
djangorestframework-simplejwt,python-jose
djangorestframework-simplejwt,freezegun
dnspython,idna
dnspython,wmi
dnspython,sphinx-rtd-theme
dnspython,mypy
dnspython,twine
dnspython,pytest
dnspython,black
dnspython,wheel
dnspython,httpx
dnspython,hypercorn
dnspython,flake8
dnspython,trio
dnspython,sphinx
dnspython,cryptography
dnspython,quart-trio
dnspython,pylint
dnspython,httpcore
dnspython,pytest-cov
dnspython,aioquic
dnspython,h2
dnspython,coverage
duckdb,pyarrow
duckdb,numpy
duckdb,adbc-driver-manager
duckdb,fsspec
duckdb,ipython
duckdb,pandas
ecdsa,gmpy
ecdsa,gmpy2
ecdsa,six
embedchain,google-generativeai
embedchain,sentence-transformers
embedchain,qdrant-client
embedchain,mem0ai
embedchain,google-auth
embedchain,posthog
embedchain,langchain
embedchain,beautifulsoup4
embedchain,google-auth-oauthlib
embedchain,weaviate-client
embedchain,elasticsearch
embedchain,langchain-google-vertexai
embedchain,langchain-openai
embedchain,together
embedchain,pysbd
embedchain,psycopg-binary
embedchain,replicate
embedchain,openai
embedchain,psycopg-pool
embedchain,lancedb
embedchain,mysql-connector-python
embedchain,google-api-core
embedchain,google-api-python-client
embedchain,alembic
embedchain,torch
embedchain,pymilvus
embedchain,opensearch-py
embedchain,langchain-cohere
embedchain,gptcache
embedchain,requests
embedchain,google-auth-httplib2
embedchain,pypdf
embedchain,schema
embedchain,psycopg
embedchain,python-dotenv
embedchain,langchain-community
embedchain,rich
embedchain,chromadb
embedchain,sqlalchemy
embedchain,langchain-mistralai
embedchain,langchain-aws
embedchain,gpt4all
embedchain,langsmith
eth-abi,mypy
eth-abi,twine
eth-abi,parsimonious
eth-abi,pytest-timeout
eth-abi,sphinx-autobuild
eth-abi,towncrier
eth-abi,build
eth-abi,bump_my_version
eth-abi,hypothesis
eth-abi,ipython
eth-abi,pytest
eth-abi,eth-typing
eth-abi,eth-hash
eth-abi,wheel
eth-abi,tox
eth-abi,pre-commit
eth-abi,sphinx
eth-abi,pytest-pythonpath
eth-abi,eth-utils
eth-abi,sphinx_rtd_theme
eth-abi,pytest-xdist
eventlet,black
eventlet,greenlet
eventlet,build
eventlet,isort
eventlet,pip-tools
eventlet,dnspython
eventlet,pre-commit
eventlet,commitizen
eventlet,twine
fastmcp,pyperclip
fastmcp,jsonschema-path
fastmcp,mcp
fastmcp,httpx
fastmcp,websockets
fastmcp,python-dotenv
fastmcp,openapi-pydantic
fastmcp,platformdirs
fastmcp,pydantic
fastmcp,rich
fastmcp,cyclopts
fastmcp,openai
fastmcp,exceptiongroup
fastmcp,py-key-value-aio
fastmcp,authlib
feast,grpcio-reflection
feast,ray
feast,click
feast,cython
feast,toml
feast,poetry-dynamic-versioning
feast,milvus-lite
feast,ikvpy
feast,deltalake
feast,python-keycloak
feast,elasticsearch
feast,clickhouse-connect
feast,fsspec
feast,boto3
feast,great_expectations
feast,patchelf
feast,google-cloud-datastore
feast,pytest
feast,moto
feast,numpy
feast,sqlite-vec
feast,sphinx
feast,pytest-asyncio
feast,psutil
feast,google-cloud-bigquery
feast,pyarrow
feast,grpcio
feast,requests
feast,types-pytz
feast,ibis-substrait
feast,cffi
feast,pytest-xdist
feast,hazelcast-python-client
feast,faiss-cpu
feast,pymysql
feast,torchvision
feast,qdrant-client
feast,dask
feast,scikit-learn
feast,types-protobuf
feast,regex
feast,types_psutil
feast,hiredis
feast,hatchling
feast,googleapis-common-protos
feast,types-python-dateutil
feast,pillow
feast,pyyaml
feast,google-cloud-storage
feast,pydantic
feast,flit_core
feast,python-dateutil
feast,typeguard
feast,kubernetes
feast,pyodbc
feast,torch
feast,types-tabulate
feast,greenlet
feast,pip-tools
feast,uvicorn-worker
feast,google-cloud-bigquery-storage
feast,tabulate
feast,scikit-build-core
feast,pytest-lazy-fixture
feast,meson-python
feast,jinja2
feast,virtualenv
feast,pybindgen
feast,azure-storage-blob
feast,hatch-vcs
feast,pytest-env
feast,minio
feast,couchbase
feast,gunicorn
feast,pyspark
feast,pytest-timeout
feast,build
feast,snowflake-connector-python
feast,mypy-protobuf
feast,redis
feast,sqlglot
feast,jsonschema
feast,feast
feast,testcontainers
feast,types-requests
feast,trino
feast,pygments
feast,cassandra-driver
feast,dill
feast,pre-commit
feast,prometheus_client
feast,pymilvus
feast,grpcio-health-checking
feast,uvicorn
feast,codeflare-sdk
feast,grpcio-testing
feast,types-redis
feast,psycopg
feast,pytest-mock
feast,protobuf
feast,mmh3
feast,sqlalchemy
feast,calver
feast,datasets
feast,types-setuptools
feast,poetry-core
feast,google-cloud-bigtable
feast,mock
feast,meson
feast,mypy
feast,types-pymysql
feast,urllib3
feast,py
feast,couchbase-columnar
feast,grpcio-tools
feast,pytest-benchmark
feast,happybase
feast,types-pyyaml
feast,timm
feast,colorama
feast,ibis-framework
feast,tqdm
feast,azure-identity
feast,transformers
feast,pyjwt
feast,google-api-core
feast,httpx
feast,singlestoredb
feast,pymssql
feast,hatch-fancy-pypi-readme
feast,ruff
feast,cryptography
feast,aiobotocore
feast,setuptools
feast,bigtree
feast,pandas
feast,pytest-cov
feast,fastapi
feast,assertpy
feast,fastapi_mcp
feast,pytest-ordering
feast,tenacity
feast,docling
fiona,fiona
fiona,click
fiona,aiohttp
fiona,click-plugins
fiona,pytz
fiona,pyparsing
fiona,fsspec
fiona,boto3
fiona,certifi
fiona,attrs
fiona,shapely
fiona,pytest-cov
fiona,importlib-metadata
fiona,pytest
fiona,cligj
flask,asgiref
flask,jinja2
flask,click
flask,werkzeug
flask,markupsafe
flask,itsdangerous
flask,blinker
flask,python-dotenv
flask,importlib-metadata
flask-appbuilder,click
flask-appbuilder,prison
flask-appbuilder,jmespath
flask-appbuilder,flask-wtf
flask-appbuilder,email-validator
flask-appbuilder,wtforms
flask-appbuilder,flask-login
flask-appbuilder,jsonschema
flask-appbuilder,colorama
flask-appbuilder,python-dateutil
flask-appbuilder,marshmallow
flask-appbuilder,authlib
flask-appbuilder,marshmallow-sqlalchemy
flask-appbuilder,flask
flask-appbuilder,pyjwt
flask-appbuilder,flask-babel
flask-appbuilder,flask-talisman
flask-appbuilder,flask-sqlalchemy
flask-appbuilder,werkzeug
flask-appbuilder,apispec
flask-appbuilder,flask-limiter
flask-appbuilder,flask-jwt-extended
flask-appbuilder,sqlalchemy
flask-appbuilder,sqlalchemy-utils
flask-cors,werkzeug
flask-cors,flask
fonttools,zopfli
fonttools,lxml
fonttools,pycairo
fonttools,matplotlib
fonttools,scipy
fonttools,skia-pathops
fonttools,sympy
fonttools,uharfbuzz
fonttools,unicodedata2
fonttools,munkres
fonttools,lz4
fonttools,brotlicffi
fonttools,brotli
fonttools,xattr
gitpython,pytest-instafail
gitpython,sphinx-autodoc-typehints
gitpython,sphinx
gitpython,ddt
gitpython,typing-extensions
gitpython,mock
gitpython,sphinx_rtd_theme
gitpython,pre-commit
gitpython,mypy
gitpython,pytest-mock
gitpython,pytest-sugar
gitpython,pytest
gitpython,pytest-cov
gitpython,gitdb
gitpython,coverage
gradio,jinja2
gradio,safehttpx
gradio,markupsafe
gradio,typing-extensions
gradio,typer
gradio,tomlkit
gradio,pillow
gradio,pyyaml
gradio,groovy
gradio,ffmpy
gradio,itsdangerous
gradio,pydantic
gradio,brotli
gradio,authlib
gradio,numpy
gradio,mcp
gradio,aiofiles
gradio,httpx
gradio,anyio
gradio,orjson
gradio,packaging
gradio,ruff
gradio,audioop-lts
gradio,uvicorn
gradio,pydub
gradio,pandas
gradio,fastapi
gradio,starlette
gradio,huggingface-hub
gradio,semantic-version
gradio,gradio-client
gradio,python-multipart
gunicorn,tornado
gunicorn,gevent
gunicorn,setproctitle
gunicorn,eventlet
gunicorn,packaging
gunicorn,importlib-metadata
gunicorn,pytest-cov
gunicorn,pytest
gunicorn,coverage
h2,hyperframe
h2,hpack
homeassistant,jinja2
homeassistant,psutil-home-assistant
homeassistant,aiohttp
homeassistant,awesomeversion
homeassistant,typing-extensions
homeassistant,bcrypt
homeassistant,aiozoneinfo
homeassistant,lru-dict
homeassistant,uv
homeassistant,yarl
homeassistant,zeroconf
homeassistant,voluptuous
homeassistant,aiohttp-asyncmdnsresolver
homeassistant,urllib3
homeassistant,pillow
homeassistant,pyyaml
homeassistant,standard-aifc
homeassistant,hass-nabucasa
homeassistant,aiodns
homeassistant,fnv-hash-fast
homeassistant,voluptuous-serialize
homeassistant,attrs
homeassistant,aiohttp_cors
homeassistant,pyopenssl
homeassistant,async-interrupt
homeassistant,voluptuous-openapi
homeassistant,aiohasupervisor
homeassistant,httpx
homeassistant,pyjwt
homeassistant,orjson
homeassistant,packaging
homeassistant,python-slugify
homeassistant,audioop-lts
homeassistant,cryptography
homeassistant,ifaddr
homeassistant,ciso8601
homeassistant,ulid-transform
homeassistant,requests
homeassistant,aiohttp-fast-zlib
homeassistant,standard-telnetlib
homeassistant,webrtc-models
homeassistant,cronsim
homeassistant,securetar
homeassistant,certifi
homeassistant,propcache
homeassistant,annotatedyaml
homeassistant,sqlalchemy
homeassistant,home-assistant-bluetooth
homeassistant,astral
homeassistant,atomicwrites-homeassistant
httpie,jinja2
httpie,pip
httpie,pytest-httpbin
httpie,flake8-mutable
httpie,importlib-metadata
httpie,twine
httpie,pyyaml
httpie,colorama
httpie,pyopenssl
httpie,pytest
httpie,charset-normalizer
httpie,flake8-tuple
httpie,responses
httpie,pygments
httpie,wheel
httpie,flake8-deprecated
httpie,flake8
httpie,setuptools
httpie,requests-toolbelt
httpie,pytest-cov
httpie,requests
httpie,werkzeug
httpie,defusedxml
httpie,rich
httpie,multidict
httpie,pytest-mock
httpie,flake8-comprehensions
ibis-framework,pyproj
ibis-framework,oracledb
ibis-framework,parsy
ibis-framework,pydruid
ibis-framework,geopandas
ibis-framework,db-dtypes
ibis-framework,typing-extensions
ibis-framework,pins
ibis-framework,mysqlclient
ibis-framework,regex
ibis-framework,shapely
ibis-framework,atpublic
ibis-framework,pyathena
ibis-framework,pyspark
ibis-framework,deltalake
ibis-framework,impyla
ibis-framework,clickhouse-connect
ibis-framework,snowflake-connector-python
ibis-framework,sqlglot
ibis-framework,fsspec
ibis-framework,python-dateutil
ibis-framework,pyarrow-hotfix
ibis-framework,databricks-sql-connector-core
ibis-framework,graphviz
ibis-framework,psycopg2
ibis-framework,black
ibis-framework,pydata-google-auth
ibis-framework,numpy
ibis-framework,pandas-gbq
ibis-framework,trino
ibis-framework,toolz
ibis-framework,duckdb
ibis-framework,pyodbc
ibis-framework,datafusion
ibis-framework,packaging
ibis-framework,tzdata
ibis-framework,google-cloud-bigquery
ibis-framework,pandas
ibis-framework,pyarrow
ibis-framework,pyexasol
ibis-framework,google-cloud-bigquery-storage
ibis-framework,psycopg
ibis-framework,rich
ibis-framework,geoarrow-types
ibis-framework,polars
idna,pytest
idna,mypy
idna,flake8
idna,ruff
jinja2,babel
jinja2,markupsafe
js2py,pyjsparser (
js2py,six (
js2py,tzlocal (
jupyter-core,traitlets
jupyter-core,sphinx-autodoc-typehints
jupyter-core,sphinxcontrib-spelling
jupyter-core,ipykernel
jupyter-core,pytest-timeout
jupyter-core,myst-parser
jupyter-core,pydata-sphinx-theme
jupyter-core,platformdirs
jupyter-core,pre-commit
jupyter-core,intersphinx-registry
jupyter-core,pytest
jupyter-core,pytest-cov
jupyter-lsp,jupyter_server
jupyter-lsp,importlib_metadata
jupyter-server,jupyter-client
jupyter-server,jinja2
jupyter-server,sphinxcontrib-openapi
jupyter-server,sphinxcontrib-spelling
jupyter-server,terminado
jupyter-server,sphinxcontrib-github-alt
jupyter-server,typing-extensions
jupyter-server,jupyter-core
jupyter-server,jupyter-server-terminals
jupyter-server,nbformat
jupyter-server,sphinx-autodoc-typehints
jupyter-server,pytest-timeout
jupyter-server,pyzmq
jupyter-server,websocket-client
jupyter-server,pytest-console-scripts
jupyter-server,pytest-jupyter
jupyter-server,nbconvert
jupyter-server,sphinxemoji
jupyter-server,pytest
jupyter-server,overrides
jupyter-server,traitlets
jupyter-server,ipykernel
jupyter-server,myst-parser
jupyter-server,anyio
jupyter-server,pre-commit
jupyter-server,packaging
jupyter-server,flaky
jupyter-server,jupyter-events
jupyter-server,argon2-cffi
jupyter-server,prometheus-client
jupyter-server,tornado
jupyter-server,requests
jupyter-server,pydata-sphinx-theme
jupyter-server,send2trash
jupyter-server,pywinpty
jupyterlab,hatch
jupyterlab,jupyter-lsp
jupyterlab,jinja2
jupyterlab,virtualenv
jupyterlab,jupyter-server
jupyterlab,copier
jupyterlab,vega-datasets
jupyterlab,jupyter-core
jupyterlab,bump2version
jupyterlab,sphinx-copybutton
jupyterlab,importlib-metadata
jupyterlab,tomli-w
jupyterlab,jupyterlab-geojson
jupyterlab,requests-cache
jupyterlab,notebook-shim
jupyterlab,pytest-timeout
jupyterlab,build
jupyterlab,async-lru
jupyterlab,pytest-console-scripts
jupyterlab,pydantic
jupyterlab,pytest-jupyter
jupyterlab,nbconvert
jupyterlab,ipython
jupyterlab,jinja2-time
jupyterlab,pytest
jupyterlab,pyyaml-include
jupyterlab,traitlets
jupyterlab,ipykernel
jupyterlab,altair
jupyterlab,pytest-tornasync
jupyterlab,myst-parser
jupyterlab,httpx
jupyterlab,ipywidgets
jupyterlab,scipy
jupyterlab,pre-commit
jupyterlab,packaging
jupyterlab,tomli
jupyterlab,ruff
jupyterlab,sphinx
jupyterlab,jupyterlab-server
jupyterlab,setuptools
jupyterlab,pytest-cov
jupyterlab,pandas
jupyterlab,tornado
jupyterlab,requests
jupyterlab,jsx-lexer
jupyterlab,matplotlib
jupyterlab,pydata-sphinx-theme
jupyterlab,pytest-check-links
jupyterlab,jupyterlab-language-pack-zh-cn
jupyterlab,coverage
jwcrypto,cryptography
jwcrypto,typing-extensions
kedro,click
kedro,toml
kedro,typing_extensions
kedro,requests_mock
kedro,mypy
kedro,mkdocs-material
kedro,behave
kedro,importlib-metadata
kedro,omegaconf
kedro,parse
kedro,jupyterlab_server
kedro,pandas-stubs
kedro,mkdocs-mermaid2-plugin
kedro,pyyaml
kedro,detect-secrets
kedro,more_itertools
kedro,types-pyyaml
kedro,build
kedro,jupyter
kedro,cookiecutter
kedro,dynaconf
kedro,fsspec
kedro,types-toml
kedro,pluggy
kedro,mkdocs-autorefs
kedro,mkdocs-click
kedro,attrs
kedro,ipython
kedro,pytest
kedro,asv
kedro,gitpython
kedro,types-requests
kedro,jupyterlab
kedro,cachetools
kedro,ipylab
kedro,mkdocs-get-deps
kedro,s3fs
kedro,pre-commit
kedro,kedro
kedro,kedro-datasets
kedro,mkdocstrings-python
kedro,mkdocs
kedro,pandas
kedro,pytest-cov
kedro,kedro-telemetry
kedro,importlib_resources
kedro,mkdocstrings
kedro,pytest-xdist
kedro,rich
kedro,pytest-mock
kedro,notebook
kedro,mkdocs-material-extensions
kedro,griffe
kedro,import-linter
kedro,types-cachetools
kedro,coverage
keras,numpy
keras,h5py
keras,namex
keras,absl-py
keras,optree
keras,ml-dtypes
keras,rich
keras,packaging
langchain,langchain-xai
langchain,langchain-model-profiles
langchain,langchain-perplexity
langchain,langchain-huggingface
langchain,langchain-deepseek
langchain,langchain-azure-ai
langchain,langchain-fireworks
langchain,langchain-google-genai
langchain,langchain-google-vertexai
langchain,langchain-openai
langchain,pydantic
langchain,langchain-anthropic
langchain,langchain-ollama
langchain,langchain-groq
langchain,langgraph
langchain,langchain-community
langchain,langchain-aws
langchain,langchain-mistralai
langchain,langchain-core
langchain,langchain-together
langchain-community,pyyaml
langchain-community,requests
langchain-community,numpy
langchain-community,aiohttp
langchain-community,langchain-classic
langchain-community,dataclasses-json
langchain-community,tenacity
langchain-community,sqlalchemy
langchain-community,langchain-core
langchain-community,httpx-sse
langchain-community,langsmith
langchain-community,pydantic-settings
langchain-core,pyyaml
langchain-core,typing-extensions
langchain-core,packaging
langchain-core,pydantic
langchain-core,tenacity
langchain-core,jsonpatch
langchain-core,langsmith
langchain-experimental,langchain-core
langchain-experimental,langchain-community
langchain-text-splitters,langchain-core
langgraph-checkpoint,langchain-core
langgraph-checkpoint,ormsgpack
langgraph-checkpoint-sqlite,sqlite-vec
langgraph-checkpoint-sqlite,langgraph-checkpoint
langgraph-checkpoint-sqlite,aiosqlite
lightgbm,pyarrow
lightgbm,numpy
lightgbm,dask
lightgbm,scipy
lightgbm,scikit-learn
lightgbm,cffi
lightgbm,pandas
lightning,click
lightning,torchvision
lightning,typing-extensions
lightning,scikit-learn
lightning,deepspeed
lightning,lightning-utilities
lightning,omegaconf
lightning,pyyaml
lightning,pytorch-lightning
lightning,pytest-random-order
lightning,pytest-timeout
lightning,onnxscript
lightning,fsspec
lightning,onnxruntime
lightning,tensorboard
lightning,litdata
lightning,ipython
lightning,pytest
lightning,tqdm
lightning,numpy
lightning,onnx
lightning,cloudpickle
lightning,packaging
lightning,torch
lightning,uvicorn
lightning,psutil
lightning,bitsandbytes
lightning,pytest-cov
lightning,torchmetrics
lightning,pandas
lightning,requests
lightning,fastapi
lightning,matplotlib
lightning,tensorboardx
lightning,rich
lightning,pytest-rerunfailures
lightning,hydra-core
lightning,jsonargparse
lightning,coverage
litellm,jinja2
litellm,click
litellm,fastuuid
litellm,aiohttp
litellm,diskcache
litellm,litellm-enterprise
litellm,semantic-router
litellm,azure-storage-blob
litellm,mlflow
litellm,numpydoc
litellm,importlib-metadata
litellm,prisma
litellm,gunicorn
litellm,pyyaml
litellm,litellm-proxy-extras
litellm,apscheduler
litellm,boto3
litellm,pydantic
litellm,jsonschema
litellm,pynacl
litellm,openai
litellm,azure-identity
litellm,fastapi-sso
litellm,mcp
litellm,pyjwt
litellm,httpx
litellm,rq
litellm,orjson
litellm,azure-keyvault-secrets
litellm,tokenizers
litellm,uvicorn
litellm,cryptography
litellm,soundfile
litellm,uvloop
litellm,fastapi
litellm,redisvl
litellm,websockets
litellm,backoff
litellm,python-dotenv
litellm,tiktoken
litellm,google-cloud-kms
litellm,rich
litellm,python-multipart
litellm,google-cloud-iam
litellm,resend
litellm,polars
litestar,jinja2
litestar,click
litestar,valkey
litestar,advanced-alchemy
litestar,annotated-types
litestar,typing-extensions
litestar,minijinja
litestar,importlib-metadata
litestar,exceptiongroup
litestar,fast-query-parsers
litestar,pyyaml
litestar,msgspec
litestar,email-validator
litestar,polyfactory
litestar,picologging
litestar,structlog
litestar,redis
litestar,litestar-htmx
litestar,pydantic
litestar,attrs
litestar,brotli
litestar,importlib-resources
litestar,httpx
litestar,pyjwt
litestar,anyio
litestar,multipart
litestar,uvicorn
litestar,mako
litestar,cryptography
litestar,prometheus-client
litestar,piccolo
litestar,uvloop
litestar,jsbeautifier
litestar,pydantic-extra-types
litestar,opentelemetry-instrumentation-asgi
litestar,rich
litestar,multidict
litestar,rich-click
llama-index,llama-index-indices-managed-llama-cloud
llama-index,llama-index-readers-file
llama-index,llama-index-core
llama-index,llama-index-readers-llama-parse
llama-index,llama-index-embeddings-openai
llama-index,llama-index-cli
llama-index,nltk
llama-index,llama-index-llms-openai
llama-index-cli,llama-index-llms-openai
llama-index-cli,llama-index-core
llama-index-cli,llama-index-embeddings-openai
llama-index-core,aiohttp
llama-index-core,deprecated
llama-index-core,dataclasses-json
llama-index-core,typing-extensions
llama-index-core,filetype
llama-index-core,nest-asyncio
llama-index-core,networkx
llama-index-core,pillow
llama-index-core,pyyaml
llama-index-core,aiosqlite
llama-index-core,eval-type-backport
llama-index-core,nltk
llama-index-core,typing-inspect
llama-index-core,fsspec
llama-index-core,platformdirs
llama-index-core,pydantic
llama-index-core,dirtyjson
llama-index-core,banks
llama-index-core,tqdm
llama-index-core,numpy
llama-index-core,wrapt
llama-index-core,httpx
llama-index-core,setuptools
llama-index-core,requests
llama-index-core,llama-index-workflows
llama-index-core,tiktoken
llama-index-core,tenacity
llama-index-core,sqlalchemy
lxml-html-clean,lxml
mammoth,cobble
markdownify,beautifulsoup4
markdownify,six
mcp,starlette
mcp,httpx
mcp,pyjwt
mcp,anyio
mcp,python-dotenv
mcp,typer
mcp,rich
mcp,pydantic
mcp,websockets
mcp,jsonschema
mcp,python-multipart
mcp,pywin32
mcp,uvicorn
mcp,httpx-sse
mcp,sse-starlette
mcp,pydantic-settings
meraki,requests
meraki,jinja2
meraki,aiohttp
meraki,build
meraki,wheel
meraki,setuptools
meraki,pytest
mitmproxy,typing-extensions
mitmproxy,bcrypt
mitmproxy,hyperframe
mitmproxy,msgpack
mitmproxy,pydivert
mitmproxy,ruamel.yaml
mitmproxy,zstandard
mitmproxy,pyperclip
mitmproxy,brotli
mitmproxy,pyopenssl
mitmproxy,flask
mitmproxy,ldap3
mitmproxy,urwid
mitmproxy,h11
mitmproxy,argon2-cffi
mitmproxy,cryptography
mitmproxy,asgiref
mitmproxy,tornado
mitmproxy,wsproto
mitmproxy,aioquic
mitmproxy,mitmproxy-rs
mitmproxy,pyparsing
mitmproxy,h2
mitmproxy,publicsuffix2
mitmproxy,certifi
mitmproxy,sortedcontainers
mitmproxy,kaitaistruct
mlflow,requests-auth-aws-sigv4
mlflow,watchfiles
mlflow,virtualenv
mlflow,waitress
mlflow,databricks-agents
mlflow,aiohttp
mlflow,flask-wtf
mlflow,scikit-learn
mlflow,azureml-core
mlflow,mlflow-tracing
mlflow,pysftp
mlflow,mlflow-dbstore
mlflow,mlflow-jfrog-plugin
mlflow,langchain
mlflow,gunicorn
mlflow,mlflow-skinny
mlflow,google-cloud-storage
mlflow,docker
mlflow,boto3
mlflow,azure-storage-file-datalake
mlflow,graphene
mlflow,prometheus-flask-exporter
mlflow,kubernetes
mlflow,mlserver-mlflow
mlflow,botocore
mlflow,flask
mlflow,flask-cors
mlflow,fastmcp
mlflow,numpy
mlflow,scipy
mlflow,alembic
mlflow,mlserver
mlflow,uvicorn
mlflow,huey
mlflow,cryptography
mlflow,slowapi
mlflow,pandas
mlflow,pyarrow
mlflow,fastapi
mlflow,matplotlib
mlflow,tiktoken
mlflow,aliyunstoreplugin
mlflow,sqlalchemy
mysql-connector-python,opentelemetry-exporter-otlp-proto-http
mysql-connector-python,dnspython
mysql-connector-python,opentelemetry-api
mysql-connector-python,fido2
mysql-connector-python,gssapi
mysql-connector-python,opentelemetry-sdk
nltk,python-crfsuite
nltk,requests
nltk,click
nltk,numpy
nltk,twython
nltk,matplotlib
nltk,joblib
nltk,pyparsing
nltk,scipy
nltk,scikit-learn
nltk,regex
nltk,tqdm
notebook,hatch
notebook,sphinxcontrib-spelling
notebook,jupyter-server
notebook,nbval
notebook,notebook-shim
notebook,pytest-timeout
notebook,nbsphinx
notebook,pytest-console-scripts
notebook,pytest
notebook,importlib-resources
notebook,jupyterlab
notebook,ipykernel
notebook,pytest-tornasync
notebook,myst-parser
notebook,pre-commit
notebook,sphinx
notebook,jupyterlab-server
notebook,tornado
notebook,requests
notebook,pydata-sphinx-theme
notebook,sphinxcontrib-github-alt
num2words,docopt
onnx,pillow
onnx,numpy
onnx,typing_extensions
onnx,ml_dtypes
onnx,protobuf
open-webui,fpdf2
open-webui,azure-ai-documentintelligence
open-webui,aiohttp
open-webui,sentence-transformers
open-webui,bcrypt
open-webui,ftfy
open-webui,starlette-compress
open-webui,google-genai
open-webui,pgvector
open-webui,anthropic
open-webui,elasticsearch
open-webui,faster-whisper
open-webui,colbert-ai
open-webui,boto3
open-webui,peewee-migrate
open-webui,accelerate
open-webui,pytest
open-webui,moto
open-webui,restrictedpython
open-webui,docx2txt
open-webui,rapidocr-onnxruntime
open-webui,psutil
open-webui,soundfile
open-webui,pydub
open-webui,pypandoc
open-webui,pyarrow
open-webui,requests
open-webui,chromadb
open-webui,pyxlsb
open-webui,pymysql
open-webui,google-generativeai
open-webui,qdrant-client
open-webui,pytest-docker
open-webui,pinecone
open-webui,rank-bm25
open-webui,markdown
open-webui,xlrd
open-webui,google-auth-oauthlib
open-webui,googleapis-common-protos
open-webui,pillow
open-webui,async-timeout
open-webui,google-cloud-storage
open-webui,docker
open-webui,pydantic
open-webui,opencv-python-headless
open-webui,mcp
open-webui,ddgs
open-webui,alembic
open-webui,gcp-storage-emulator
open-webui,aiocache
open-webui,pypdf
open-webui,python-jose
open-webui,python-multipart
open-webui,pymongo
open-webui,azure-storage-blob
open-webui,validators
open-webui,sentencepiece
open-webui,langchain
open-webui,psycopg2-binary
open-webui,redis
open-webui,starsessions
open-webui,firecrawl-py
open-webui,pymdown-extensions
open-webui,unstructured
open-webui,authlib
open-webui,openai
open-webui,black
open-webui,python-pptx
open-webui,google-api-python-client
open-webui,pymilvus
open-webui,uvicorn
open-webui,openpyxl
open-webui,pycrdt
open-webui,tiktoken
open-webui,sqlalchemy
open-webui,peewee
open-webui,oracledb
open-webui,youtube-transcript-api
open-webui,fake-useragent
open-webui,loguru
open-webui,itsdangerous
open-webui,nltk
open-webui,apscheduler
open-webui,onnxruntime
open-webui,azure-identity
open-webui,ldap3
open-webui,transformers
open-webui,aiofiles
open-webui,httpx
open-webui,pyjwt
open-webui,einops
open-webui,python-socketio
open-webui,opensearch-py
open-webui,argon2-cffi
open-webui,cryptography
open-webui,pandas
open-webui,asgiref
open-webui,fastapi
open-webui,pytube
open-webui,playwright
open-webui,google-auth-httplib2
open-webui,langchain-community
opencv-contrib-python,numpy
opencv-contrib-python-headless,numpy
opencv-python,numpy
opencv-python-headless,numpy
openexr,pytest
openexr,numpy
paddlepaddle,pillow
paddlepaddle,networkx
paddlepaddle,numpy
paddlepaddle,safetensors
paddlepaddle,httpx
paddlepaddle,typing-extensions
paddlepaddle,protobuf
paddlepaddle,opt-einsum
paramiko,invoke
paramiko,bcrypt
paramiko,pyasn1
paramiko,gssapi
paramiko,pywin32
paramiko,cryptography
paramiko,pynacl
pdoc,jinja2
pdoc,markupsafe
pdoc,markdown2
pdoc,pygments
pg8000,python-dateutil
pg8000,scramp
pillow,markdown2
pillow,olefile
pillow,check-manifest
pillow,sphinx-copybutton
pillow,pytest-timeout
pillow,sphinx-autobuild
pillow,pytest
pillow,arro3-core
pillow,nanoarrow
pillow,sphinxext-opengraph
pillow,packaging
pillow,sphinx
pillow,trove-classifiers
pillow,pytest-cov
pillow,pyarrow
pillow,sphinx-inline-tabs
pillow,furo
pillow,pyroma
pillow,defusedxml
pillow,pytest-xdist
pillow,arro3-compute
pillow,coverage
prefect,click
prefect,toml
prefect,typing-extensions
prefect,pydocket
prefect,aiosqlite
prefect,asgi-lifespan
prefect,dateparser
prefect,fsspec
prefect,graphviz
prefect,anyio
prefect,sniffio
prefect,orjson
prefect,prefect-kubernetes
prefect,httpcore
prefect,opentelemetry-api
prefect,prefect-snowflake
prefect,semver
prefect,pendulum
prefect,opentelemetry-distro
prefect,pyyaml
prefect,docker
prefect,pydantic
prefect,python-dateutil
prefect,prefect-sqlalchemy
prefect,prefect-shell
prefect,opentelemetry-instrumentation
prefect,cloudpickle
prefect,alembic
prefect,jinja2-humanize-extension
prefect,packaging
prefect,pathspec
prefect,jsonpatch
prefect,jinja2
prefect,pydantic-core
prefect,prefect-gcp
prefect,humanize
prefect,opentelemetry-instrumentation-logging
prefect,prefect-databricks
prefect,exceptiongroup
prefect,coolname
prefect,prefect-dask
prefect,prefect-ray
prefect,jsonschema
prefect,whenever
prefect,prefect-slack
prefect,prefect-email
prefect,opentelemetry-exporter-otlp
prefect,cachetools
prefect,uvicorn
prefect,prometheus-client
prefect,pydantic-settings
prefect,prefect-aws
prefect,rfc3339-validator
prefect,websockets
prefect,asyncpg
prefect,rich
prefect,sqlalchemy
prefect,griffe
prefect,pytz
prefect,opentelemetry-test-utils
prefect,prefect-docker
prefect,uv
prefect,prefect-github
prefect,typer
prefect,apprise
prefect,prefect-azure
prefect,pluggy
prefect,readchar
prefect,ruamel-yaml
prefect,httpx
prefect,python-slugify
prefect,cryptography
prefect,prefect-redis
prefect,pydantic-extra-types
prefect,prefect-gitlab
prefect,fastapi
prefect,prefect-bitbucket
prefect,prefect-dbt
pycares,cffi
pycares,idna
pydantic,pydantic-core
pydantic,email-validator
pydantic,annotated-types
pydantic,typing-extensions
pydantic,typing-inspection
pydantic,tzdata
pydrive2,importlib-resources
pydrive2,pyyaml
pydrive2,timeout-decorator
pydrive2,pyinstaller
pydrive2,black
pydrive2,oauth2client
pydrive2,appdirs
pydrive2,flake8-docstrings
pydrive2,fsspec
pydrive2,google-api-python-client
pydrive2,pytest-mock
pydrive2,flake8
pydrive2,funcy
pydrive2,cryptography
pydrive2,pyopenssl
pydrive2,pytest
pydrive2,tqdm
pyinstaller,pefile
pyinstaller,macholib
pyinstaller,pyinstaller-hooks-contrib
pyinstaller,pywin32-ctypes
pyinstaller,packaging
pyinstaller,execnet
pyinstaller,altgraph
pyinstaller,argcomplete
pyinstaller,importlib-metadata
pyinstaller,psutil
pyinstaller,setuptools
pyinstaller,pytest
pyjwt,sphinx-rtd-theme
pyjwt,pre-commit
pyjwt,zope.interface
pyjwt,sphinx
pyjwt,cryptography
pyjwt,pytest
pyjwt,coverage
pymatgen,h5py
pymatgen,pyzeo
pymatgen,fdint
pymatgen,sympy
pymatgen,pymatgen
pymatgen,seekpath
pymatgen,tblite
pymatgen,ruamel.yaml
pymatgen,plotly
pymatgen,networkx
pymatgen,beautifulsoup4
pymatgen,f90nml
pymatgen,netcdf4
pymatgen,spglib
pymatgen,galore
pymatgen,tqdm
pymatgen,monty
pymatgen,numpy
pymatgen,bibtexparser
pymatgen,palettable
pymatgen,scipy
pymatgen,orjson
pymatgen,moyopy
pymatgen,pandas
pymatgen,ase
pymatgen,chemview
pymatgen,requests
pymatgen,hiphive
pymatgen,matcalc
pymatgen,jarvis-tools
pymatgen,matplotlib
pymatgen,joblib
pymatgen,numba
pymatgen,pymatgen-analysis-alloys
pymatgen,matgl
pymatgen,tabulate
pymatgen,phonopy
pymatgen,pyxtal
pymatgen,uncertainties
pymatgen,vtk
pymongo,service-identity
pymongo,sphinxcontrib-shellcheck
pymongo,sphinx-rtd-theme
pymongo,dnspython
pymongo,zstandard
pymongo,pykerberos
pymongo,sphinx-autobuild
pymongo,pymongocrypt
pymongo,pyopenssl
pymongo,pytest
pymongo,winkerberos
pymongo,sphinx
pymongo,pytest-asyncio
pymongo,cryptography
pymongo,pymongo-auth-aws
pymongo,requests
pymongo,furo
pymongo,readthedocs-sphinx-search
pymongo,python-snappy
pymongo,certifi
pymysql,cryptography
pymysql,pynacl
pypdf,pillow
pypdf,black
pypdf,pytest-timeout
pypdf,sphinx
pypdf,typing_extensions
pypdf,pip-tools
pypdf,wheel
pypdf,myst_parser
pypdf,sphinx_rtd_theme
pypdf,pytest-xdist
pypdf,pre-commit
pypdf,pytest-socket
pypdf,flit
pypdf,cryptography
pypdf,pycryptodome
pypdf,pytest-cov
python-jose,ecdsa
python-jose,pyasn1
python-jose,rsa
python-jose,pycrypto
python-jose,cryptography
python-jose,pycryptodome
python-jose,pytest
python-jose,pytest-cov
python-ldap,pyasn1_modules
python-ldap,pyasn1
python-openstackclient,stevedore
python-openstackclient,cryptography
python-openstackclient,requests
python-openstackclient,pbr
python-openstackclient,python-keystoneclient
python-openstackclient,oslo.i18n
python-openstackclient,cliff
python-openstackclient,openstacksdk
python-openstackclient,python-cinderclient
python-openstackclient,iso8601
python-openstackclient,osc-lib
python-socketio,bidict
python-socketio,requests
python-socketio,aiohttp
python-socketio,tox
python-socketio,websocket-client
python-socketio,sphinx
python-socketio,python-engineio
pytorch-lightning,torchvision
pytorch-lightning,typing-extensions
pytorch-lightning,scikit-learn
pytorch-lightning,deepspeed
pytorch-lightning,lightning-utilities
pytorch-lightning,omegaconf
pytorch-lightning,pyyaml
pytorch-lightning,pytest-timeout
pytorch-lightning,pytest-random-order
pytorch-lightning,onnxscript
pytorch-lightning,fsspec
pytorch-lightning,onnxruntime
pytorch-lightning,tensorboard
pytorch-lightning,ipython
pytorch-lightning,pytest
pytorch-lightning,tqdm
pytorch-lightning,numpy
pytorch-lightning,onnx
pytorch-lightning,cloudpickle
pytorch-lightning,packaging
pytorch-lightning,torch
pytorch-lightning,uvicorn
pytorch-lightning,psutil
pytorch-lightning,bitsandbytes
pytorch-lightning,torchmetrics
pytorch-lightning,pytest-cov
pytorch-lightning,pandas
pytorch-lightning,requests
pytorch-lightning,fastapi
pytorch-lightning,matplotlib
pytorch-lightning,tensorboardx
pytorch-lightning,rich
pytorch-lightning,pytest-rerunfailures
pytorch-lightning,hydra-core
pytorch-lightning,jsonargparse
pytorch-lightning,coverage
qdrant-client,grpcio
qdrant-client,numpy
qdrant-client,fastembed
qdrant-client,httpx
qdrant-client,fastembed-gpu
qdrant-client,pydantic
qdrant-client,protobuf
qdrant-client,portalocker
qdrant-client,urllib3
qiskit,stevedore
qiskit,pillow
qiskit,numpy
qiskit,rustworkx
qiskit,pydot
qiskit,symengine
qiskit,matplotlib
qiskit,pylatexenc
qiskit,python-constraint
qiskit,typing-extensions
qiskit,dill
qiskit,scipy
qiskit,sympy
qiskit,z3-solver
qiskit,qiskit-qasm3-import
qiskit,qiskit
qiskit,seaborn
quart,jinja2
quart,click
quart,flask
quart,werkzeug
quart,markupsafe
quart,aiofiles
quart,blinker
quart,itsdangerous
quart,typing-extensions
quart,hypercorn
quart,python-dotenv
quart,importlib-metadata
ray,smart_open
ray,watchfiles
ray,gymnasium
ray,click
ray,virtualenv
ray,jsonref
ray,aiohttp
ray,typer
ray,msgpack
ray,dm_tree
ray,lz4
ray,opentelemetry-sdk
ray,cupy-cuda12x
ray,pyyaml
ray,colorful
ray,celery
ray,async-timeout
ray,opencensus
ray,hf_transfer
ray,ray-cpp
ray,fsspec
ray,pydantic
ray,jsonschema
ray,aiohttp_cors
ray,pyopenssl
ray,numpy
ray,scipy
ray,py-spy
ray,packaging
ray,prometheus_client
ray,opentelemetry-proto
ray,uvicorn
ray,pandas
ray,grpcio
ray,pyarrow
ray,requests
ray,nixl
ray,ninja
ray,fastapi
ray,memray
ray,starlette
ray,filelock
ray,opentelemetry-exporter-prometheus
ray,tensorboardx
ray,protobuf
ray,ormsgpack
ray,vllm
red-discordbot,click
red-discordbot,six
red-discordbot,aiohttp
red-discordbot,idna
red-discordbot,markupsafe
red-discordbot,typing-extensions
red-discordbot,sphinx-rtd-theme
red-discordbot,babel
red-discordbot,zstandard
red-discordbot,aiohttp-json-rpc
red-discordbot,distro
red-discordbot,pytest
red-discordbot,sphinxcontrib-serializinghtml
red-discordbot,sphinxcontrib-trio
red-discordbot,orjson
red-discordbot,alabaster
red-discordbot,sphinx
red-discordbot,pytest-asyncio
red-discordbot,psutil
red-discordbot,sphinx-prompt
red-discordbot,uvloop
red-discordbot,requests
red-discordbot,red-commons
red-discordbot,propcache
red-discordbot,mccabe
red-discordbot,certifi
red-discordbot,sphinxcontrib-qthelp
red-discordbot,markdown
red-discordbot,importlib-metadata
red-discordbot,sphinxcontrib-jquery
red-discordbot,zipp
red-discordbot,pyyaml
red-discordbot,discord-py
red-discordbot,async-timeout
red-discordbot,sphinxcontrib-devhelp
red-discordbot,attrs
red-discordbot,python-dateutil
red-discordbot,docutils
red-discordbot,charset-normalizer
red-discordbot,mypy-extensions
red-discordbot,packaging
red-discordbot,pathspec
red-discordbot,pylint
red-discordbot,multidict
red-discordbot,apsw
red-discordbot,jinja2
red-discordbot,tomlkit
red-discordbot,exceptiongroup
red-discordbot,rapidfuzz
red-discordbot,sphinxcontrib-htmlhelp
red-discordbot,black
red-discordbot,pygments
red-discordbot,markdown-it-py
red-discordbot,dill
red-discordbot,snowballstemmer
red-discordbot,astroid
red-discordbot,sphinxcontrib-applehelp
red-discordbot,aiosignal
red-discordbot,isort
red-discordbot,schema
red-discordbot,rich
red-discordbot,asyncpg
red-discordbot,pytest-mock
red-discordbot,pytz
red-discordbot,yarl
red-discordbot,urllib3
red-discordbot,sphinxcontrib-jsmath
red-discordbot,platformdirs
red-discordbot,pluggy
red-discordbot,colorama
red-discordbot,brotli
red-discordbot,red-lavalink
red-discordbot,mdurl
red-discordbot,iniconfig
red-discordbot,tomli
red-discordbot,imagesize
red-discordbot,frozenlist
redshift-connector,beautifulsoup4
redshift-connector,requests
redshift-connector,botocore
redshift-connector,scramp
redshift-connector,lxml
redshift-connector,numpy
redshift-connector,boto3
redshift-connector,packaging
redshift-connector,pandas
redshift-connector,setuptools
redshift-connector,pytz
rembg,click
rembg,aiohttp
rembg,bandit
rembg,mypy
rembg,filetype
rembg,twine
rembg,pillow
rembg,scikit-image
rembg,pymatting
rembg,jsonschema
rembg,onnxruntime
rembg,pytest
rembg,tqdm
rembg,opencv-python-headless
rembg,black
rembg,numpy
rembg,wheel
rembg,gradio
rembg,scipy
rembg,flake8
rembg,uvicorn
rembg,setuptools
rembg,fastapi
rembg,isort
rembg,pooch
rembg,asyncer
rembg,onnxruntime-rocm
rembg,python-multipart
rembg,imagehash
rembg,watchdog
rembg,onnxruntime-gpu
requests,pysocks
requests,idna
requests,certifi
requests,urllib3
requests,charset_normalizer
requests,chardet
restrictedpython,furo
restrictedpython,pytest-mock
restrictedpython,pytest
restrictedpython,sphinx
rpyc,plumbum
sagemaker,omegaconf
sagemaker,nest-asyncio
sagemaker,boto3
sagemaker,accelerate
sagemaker,tensorboard
sagemaker,pytest
sagemaker,numpy
sagemaker,jsonpickle
sagemaker,onnx
sagemaker,mypy-boto3-s3
sagemaker,tox
sagemaker,psutil
sagemaker,requests
sagemaker,fabric
sagemaker,pytest-xdist
sagemaker,orderly-set
sagemaker,stopit
sagemaker,coverage
sagemaker,scikit-learn
sagemaker,tensorflow
sagemaker,importlib-metadata
sagemaker,nbformat
sagemaker,contextlib2
sagemaker,pillow
sagemaker,pyyaml
sagemaker,docker
sagemaker,pyvis
sagemaker,sagemaker-schema-inference-artifacts
sagemaker,graphene
sagemaker,attrs
sagemaker,sagemaker-mlflow
sagemaker,tblib
sagemaker,mypy-extensions
sagemaker,cloudpickle
sagemaker,sagemaker-feature-store-pyspark-3-3
sagemaker,scipy
sagemaker,google-pasta
sagemaker,packaging
sagemaker,jinja2
sagemaker,mlflow
sagemaker,pyspark
sagemaker,pytest-timeout
sagemaker,build
sagemaker,mypy-boto3-redshift-data
sagemaker,jsonschema
sagemaker,apache-airflow
sagemaker,opentelemetry-exporter-otlp
sagemaker,black
sagemaker,flake8
sagemaker,opentelemetry-proto
sagemaker,uvicorn
sagemaker,schema
sagemaker,protobuf
sagemaker,pathos
sagemaker,tritonclient
sagemaker,mock
sagemaker,mypy
sagemaker,sagemaker-core
sagemaker,awslogs
sagemaker,urllib3
sagemaker,smdebug-rulesconfig
sagemaker,mypy-boto3-appflow
sagemaker,networkx
sagemaker,platformdirs
sagemaker,tqdm
sagemaker,apache-airflow-providers-amazon
sagemaker,sagemaker-experiments
sagemaker,xgboost
sagemaker,lexicon
sagemaker,pandas
sagemaker,pytest-cov
sagemaker,mypy-boto3-rds
sagemaker,fastapi
sagemaker,huggingface-hub
sagemaker,flask-limiter
sagemaker,pytest-rerunfailures
sagemaker,deepdiff
scapy,pyx
scapy,matplotlib
scapy,tox
scapy,sphinx-rtd-theme
scapy,sphinx
scapy,cryptography
scapy,ipython
scikit-learn,sphinx-gallery
scikit-learn,cython
scikit-learn,mypy
scikit-learn,sphinx-copybutton
scikit-learn,numpydoc
scikit-learn,sphinx-design
scikit-learn,plotly
scikit-learn,pillow
scikit-learn,pyamg
scikit-learn,scikit-image
scikit-learn,towncrier
scikit-learn,conda-lock
scikit-learn,memory_profiler
scikit-learn,seaborn
scikit-learn,sphinx-remove-toctrees
scikit-learn,polars
scikit-learn,pytest
scikit-learn,numpy
scikit-learn,sphinxcontrib-sass
scikit-learn,sphinxext-opengraph
scikit-learn,scipy
scikit-learn,ruff
scikit-learn,sphinx
scikit-learn,sphinx-prompt
scikit-learn,pandas
scikit-learn,pytest-cov
scikit-learn,pyarrow
scikit-learn,threadpoolctl
scikit-learn,matplotlib
scikit-learn,joblib
scikit-learn,pooch
scikit-learn,pydata-sphinx-theme
scikit-learn,meson-python
scrapy,pydispatcher
scrapy,tldextract
scrapy,queuelib
scrapy,lxml
scrapy,service-identity
scrapy,cssselect
scrapy,protego
scrapy,itemloaders
scrapy,parsel
scrapy,zope-interface
scrapy,defusedxml
scrapy,packaging
scrapy,twisted
scrapy,w3lib
scrapy,cryptography
scrapy,pypydispatcher
scrapy,pyopenssl
scrapy,itemadapter
sentry-sdk,django
sentry-sdk,aiohttp
sentry-sdk,markupsafe
sentry-sdk,apache-beam
sentry-sdk,opentelemetry-distro
sentry-sdk,falcon
sentry-sdk,google-genai
sentry-sdk,urllib3
sentry-sdk,litestar
sentry-sdk,executing
sentry-sdk,langchain
sentry-sdk,pydantic-ai
sentry-sdk,celery
sentry-sdk,loguru
sentry-sdk,pyspark
sentry-sdk,anthropic
sentry-sdk,litellm
sentry-sdk,sanic
sentry-sdk,quart
sentry-sdk,asttokens
sentry-sdk,openai
sentry-sdk,flask
sentry-sdk,pure_eval
sentry-sdk,unleashclient
sentry-sdk,statsig
sentry-sdk,celery-redbeat
sentry-sdk,mcp
sentry-sdk,blinker
sentry-sdk,httpx
sentry-sdk,rq
sentry-sdk,langgraph
sentry-sdk,arq
sentry-sdk,chalice
sentry-sdk,huey
sentry-sdk,httpcore
sentry-sdk,grpcio
sentry-sdk,openfeature-sdk
sentry-sdk,tornado
sentry-sdk,fastapi
sentry-sdk,bottle
sentry-sdk,starlette
sentry-sdk,clickhouse-driver
sentry-sdk,huggingface_hub
sentry-sdk,launchdarkly-server-sdk
sentry-sdk,tiktoken
sentry-sdk,asyncpg
sentry-sdk,certifi
sentry-sdk,starlite
sentry-sdk,protobuf
sentry-sdk,pymongo
sentry-sdk,sqlalchemy
setuptools,virtualenv
setuptools,sphinx-notfound-page
setuptools,pip
setuptools,pygments-github-lexers
setuptools,mypy
setuptools,sphinx-reredirects
setuptools,tomli-w
setuptools,pytest-mypy
setuptools,pyproject-hooks
setuptools,pytest-subprocess
setuptools,pytest-timeout
setuptools,more_itertools
setuptools,jaraco.tidelift
setuptools,pytest-checkdocs
setuptools,jaraco.path
setuptools,towncrier
setuptools,build
setuptools,jaraco.functools
setuptools,platformdirs
setuptools,pytest-enabler
setuptools,importlib_metadata
setuptools,pytest
setuptools,pytest-ruff
setuptools,sphinx-favicon
setuptools,rst.linker
setuptools,jaraco.text
setuptools,wheel
setuptools,ini2toml
setuptools,jaraco.test
setuptools,packaging
setuptools,jaraco.packaging
setuptools,tomli
setuptools,ruff
setuptools,sphinx
setuptools,pytest-perf
setuptools,sphinxcontrib-towncrier
setuptools,pytest-cov
setuptools,sphinx-inline-tabs
setuptools,furo
setuptools,filelock
setuptools,sphinx-lint
setuptools,jaraco.envs
setuptools,pytest-xdist
setuptools,pytest-home
setuptools,jaraco.develop
sglang,grpcio-reflection
sglang,aiohttp
sglang,torchvision
sglang,st_attn
sglang,setproctitle
sglang,cuda-python
sglang,torch_memory_saver
sglang,sentencepiece
sglang,grpcio-tools
sglang,sgl-kernel
sglang,opencv-python
sglang,pillow
sglang,pyyaml
sglang,msgspec
sglang,anthropic
sglang,build
sglang,hf_transfer
sglang,timm
sglang,pyzmq
sglang,xgrammar
sglang,imageio
sglang,remote-pdb
sglang,flashinfer_cubin
sglang,pydantic
sglang,openai-harmony
sglang,nvidia-ml-py
sglang,yunchang
sglang,compressed-tensors
sglang,ipython
sglang,datasets
sglang,nvidia-cutlass-dsl
sglang,openai
sglang,tqdm
sglang,numpy
sglang,interegular
sglang,cloudpickle
sglang,modelscope
sglang,torchao
sglang,transformers
sglang,moviepy
sglang,scipy
sglang,decord2
sglang,orjson
sglang,einops
sglang,packaging
sglang,py-spy
sglang,blobfile
sglang,torch
sglang,partial_json_parser
sglang,torchaudio
sglang,gguf
sglang,prometheus-client
sglang,psutil
sglang,soundfile
sglang,uvicorn
sglang,grpcio-health-checking
sglang,imageio-ffmpeg
sglang,uvloop
sglang,grpcio
sglang,requests
sglang,ninja
sglang,pybase64
sglang,fastapi
sglang,torchcodec
sglang,outlines
sglang,checkpoint-engine
sglang,huggingface_hub
sglang,tiktoken
sglang,llguidance
sglang,vsa
sglang,python-multipart
sglang,flashinfer_python
sglang,diffusers
signxml,lxml
signxml,build
signxml,wheel
signxml,lxml-stubs
signxml,certifi
signxml,mypy
signxml,ruff
signxml,cryptography
signxml,coverage
skops,numpy
skops,prettytable
skops,scipy
skops,scikit-learn
skops,rich
skops,packaging
snowflake-connector-python,cython
snowflake-connector-python,typing_extensions
snowflake-connector-python,idna
snowflake-connector-python,pendulum
snowflake-connector-python,tomlkit
snowflake-connector-python,pytzdata
snowflake-connector-python,urllib3
snowflake-connector-python,asn1crypto
snowflake-connector-python,pytest-timeout
snowflake-connector-python,platformdirs
snowflake-connector-python,sortedcontainers
snowflake-connector-python,boto3
snowflake-connector-python,pexpect
snowflake-connector-python,pyopenssl
snowflake-connector-python,pytest
snowflake-connector-python,botocore
snowflake-connector-python,numpy
snowflake-connector-python,responses
snowflake-connector-python,keyring
snowflake-connector-python,pyjwt
snowflake-connector-python,coverage
snowflake-connector-python,packaging
snowflake-connector-python,cryptography
snowflake-connector-python,pytest-cov
snowflake-connector-python,pandas
snowflake-connector-python,pyarrow
snowflake-connector-python,requests
snowflake-connector-python,filelock
snowflake-connector-python,pytest-xdist
snowflake-connector-python,certifi
snowflake-connector-python,more-itertools
snowflake-connector-python,pytest-rerunfailures
snowflake-connector-python,charset_normalizer
snowflake-connector-python,pytz
social-auth-app-django,social-auth-core
social-auth-app-django,django
social-auth-app-django,tox
social-auth-app-django,pyright
social-auth-app-django,pre-commit
social-auth-app-django,mypy
social-auth-app-django,django-stubs
social-auth-app-django,django-stubs-ext
social-auth-app-django,coverage
spotipy,requests
spotipy,isort
spotipy,redis
spotipy,flake8-string-format
spotipy,autopep8
spotipy,flake8
spotipy,urllib3
spotipy,pymemcache
sqlparse,hatch
sqlparse,build
sqlparse,sphinx
starlette,jinja2
starlette,pyyaml
starlette,itsdangerous
starlette,httpx
starlette,typing-extensions
starlette,anyio
starlette,python-multipart
strawberry-graphql,django
strawberry-graphql,aiohttp
strawberry-graphql,typing-extensions
strawberry-graphql,lia-web
strawberry-graphql,typer
strawberry-graphql,litestar
strawberry-graphql,opentelemetry-sdk
strawberry-graphql,graphql-core
strawberry-graphql,sanic
strawberry-graphql,pydantic
strawberry-graphql,python-dateutil
strawberry-graphql,quart
strawberry-graphql,flask
strawberry-graphql,pygments
strawberry-graphql,libcst
strawberry-graphql,packaging
strawberry-graphql,uvicorn
strawberry-graphql,chalice
strawberry-graphql,asgiref
strawberry-graphql,fastapi
strawberry-graphql,starlette
strawberry-graphql,websockets
strawberry-graphql,rich
strawberry-graphql,opentelemetry-api
strawberry-graphql,python-multipart
strawberry-graphql,pyinstrument
strawberry-graphql,channels
streamlit,click
streamlit,toml
streamlit,streamlit
streamlit,typing-extensions
streamlit,plotly
streamlit,pillow
streamlit,streamlit-pdf
streamlit,snowflake-connector-python
streamlit,authlib
streamlit,graphviz
streamlit,gitpython
streamlit,numpy
streamlit,altair
streamlit,cachetools
streamlit,blinker
streamlit,orjson
streamlit,packaging
streamlit,pandas
streamlit,pyarrow
streamlit,requests
streamlit,tornado
streamlit,pydeck
streamlit,matplotlib
streamlit,rich
streamlit,tenacity
streamlit,snowflake-snowpark-python
streamlit,protobuf
streamlit,sqlalchemy
streamlit,watchdog
torch,jinja2
torch,nvidia-cufft-cu12
torch,nvidia-cusparselt-cu12
torch,typing-extensions
torch,sympy
torch,nvidia-cublas-cu12
torch,opt-einsum
torch,networkx
torch,nvidia-cufile-cu12
torch,pyyaml
torch,nvidia-cuda-cupti-cu12
torch,nvidia-cusparse-cu12
torch,nvidia-cuda-runtime-cu12
torch,nvidia-cudnn-cu12
torch,fsspec
torch,nvidia-nvshmem-cu12
torch,nvidia-nvtx-cu12
torch,optree
torch,nvidia-nvjitlink-cu12
torch,setuptools
torch,nvidia-curand-cu12
torch,nvidia-cusolver-cu12
torch,filelock
torch,nvidia-nccl-cu12
torch,nvidia-cuda-nvrtc-cu12
torch,triton
tqdm,requests
tqdm,pytest-timeout
tqdm,slack-sdk
tqdm,nbval
tqdm,ipywidgets
tqdm,colorama
tqdm,pytest-asyncio
tqdm,pytest
tqdm,pytest-cov
transformers,ray
transformers,parameterized
transformers,librosa
transformers,ftfy
transformers,fugashi
transformers,mistral-common
transformers,cookiecutter
transformers,importlib_metadata
transformers,accelerate
transformers,optax
transformers,tensorboard
transformers,sagemaker
transformers,pyctcdecode
transformers,pytest
transformers,numpy
transformers,kenlm
transformers,tf2onnx
transformers,tokenizers
transformers,tensorflow-text
transformers,pytest-asyncio
transformers,psutil
transformers,requests
transformers,keras-nlp
transformers,sigopt
transformers,kernels
transformers,pytest-xdist
transformers,opentelemetry-api
transformers,faiss-cpu
transformers,phonemizer
transformers,torchvision
transformers,sacremoses
transformers,scikit-learn
transformers,regex
transformers,deepspeed
transformers,tensorflow
transformers,flax
transformers,pillow
transformers,pyyaml
transformers,pydantic
transformers,sacrebleu
transformers,tensorflow-probability
transformers,gitpython
transformers,scipy
transformers,optimum-benchmark
transformers,packaging
transformers,torch
transformers,blobfile
transformers,sudachipy
transformers,num2words
transformers,rjieba
transformers,onnxruntime-tools
transformers,jaxlib
transformers,jinja2
transformers,ipadic
transformers,sentencepiece
transformers,sudachidict_core
transformers,pytest-timeout
transformers,hf_xet
transformers,codecarbon
transformers,pytest-order
transformers,openai
transformers,opentelemetry-exporter-otlp
transformers,onnxconverter-common
transformers,natten
transformers,dill
transformers,rouge-score
transformers,tensorflow-cpu
transformers,libcst
transformers,uvicorn
transformers,jax
transformers,unidic_lite
transformers,filelock
transformers,tiktoken
transformers,rich
transformers,protobuf
transformers,unidic
transformers,datasets
transformers,timeout-decorator
transformers,urllib3
transformers,opentelemetry-sdk
transformers,beautifulsoup4
transformers,safetensors
transformers,timm
transformers,nltk
transformers,onnxruntime
transformers,av
transformers,tqdm
transformers,rhoknp
transformers,evaluate
transformers,ruff
transformers,torchaudio
transformers,keras
transformers,pandas
transformers,fastapi
transformers,starlette
transformers,huggingface-hub
transformers,optuna
transformers,pytest-rerunfailures
transformers,pytest-rich
twisted,service-identity
twisted,pyobjc-core
twisted,hyperlink
twisted,appdirs
twisted,idna
twisted,typing-extensions
twisted,bcrypt
twisted,sphinx-rtd-theme
twisted,python-subunit
twisted,mypy
twisted,pywin32
twisted,priority
twisted,pyserial
twisted,automat
twisted,incremental
twisted,pydoctor
twisted,types-setuptools
twisted,towncrier
twisted,hypothesis
twisted,attrs
twisted,pyopenssl
twisted,twisted-iocpsupport
twisted,mypy-zope
twisted,cython-test-exception-raiser
twisted,httpx
twisted,types-pyopenssl
twisted,sphinx
twisted,constantly
twisted,cryptography
twisted,pyobjc-framework-cocoa
twisted,pyobjc-framework-cfnetwork
twisted,wsproto
twisted,pyflakes
twisted,zope-interface
twisted,pyhamcrest
twisted,twistedchecker
twisted,h2
twisted,pygobject
twisted,coverage
unstructured,python-magic
unstructured,pdfminer.six
unstructured,sacremoses
unstructured,python-oxmsg
unstructured,dataclasses-json
unstructured,typing-extensions
unstructured,effdet
unstructured,unstructured.paddleocr
unstructured,filetype
unstructured,markdown
unstructured,google-cloud-vision
unstructured,sentencepiece
unstructured,xlrd
unstructured,beautifulsoup4
unstructured,networkx
unstructured,python-docx
unstructured,unstructured-inference
unstructured,nltk
unstructured,langdetect
unstructured,rapidfuzz
unstructured,onnxruntime
unstructured,tqdm
unstructured,charset-normalizer
unstructured,msoffcrypto-tool
unstructured,numpy
unstructured,onnx
unstructured,python-iso639
unstructured,wrapt
unstructured,unstructured.pytesseract
unstructured,transformers
unstructured,html5lib
unstructured,python-pptx
unstructured,torch
unstructured,psutil
unstructured,unstructured-client
unstructured,pandas
unstructured,pi_heif
unstructured,openpyxl
unstructured,requests
unstructured,pypandoc
unstructured,pdf2image
unstructured,lxml
unstructured,paddlepaddle
unstructured,pypdf
unstructured,backoff
unstructured,pikepdf
unstructured,emoji
urllib3,pysocks
urllib3,zstandard
urllib3,h2
urllib3,brotlicffi
urllib3,brotli
virtualenv,typing-extensions
virtualenv,pytest-env
virtualenv,time-machine
virtualenv,importlib-metadata
virtualenv,pytest-timeout
virtualenv,coverage-enable-subprocess
virtualenv,covdefaults
virtualenv,towncrier
virtualenv,platformdirs
virtualenv,pytest
virtualenv,distlib
virtualenv,proselint
virtualenv,packaging
virtualenv,flaky
virtualenv,sphinx
virtualenv,setuptools
virtualenv,sphinxcontrib-towncrier
virtualenv,pytest-freezer
virtualenv,furo
virtualenv,pytest-randomly
virtualenv,sphinx-argparse
virtualenv,filelock
virtualenv,pytest-mock
virtualenv,coverage
vllm,watchfiles
vllm,py-cpuinfo
vllm,partial-json-parser
vllm,six
vllm,ray
vllm,aiohttp
vllm,diskcache
vllm,typing_extensions
vllm,torchvision
vllm,librosa
vllm,setproctitle
vllm,lm-format-enforcer
vllm,petit-kernel
vllm,regex
vllm,sentencepiece
vllm,pillow
vllm,pyyaml
vllm,msgspec
vllm,xformers
vllm,flashinfer-python
vllm,xgrammar
vllm,pyzmq
vllm,google-cloud-storage
vllm,runai-model-streamer
vllm,tensorizer
vllm,pydantic
vllm,importlib_metadata
vllm,openai-harmony
vllm,boto3
vllm,compressed-tensors
vllm,runai-model-streamer-s3
vllm,fastsafetensors
vllm,openai
vllm,datasets
vllm,tqdm
vllm,opencv-python-headless
vllm,numpy
vllm,cachetools
vllm,cloudpickle
vllm,transformers
vllm,scipy
vllm,einops
vllm,prometheus_client
vllm,tokenizers
vllm,outlines_core
vllm,torch
vllm,torchaudio
vllm,psutil
vllm,gguf
vllm,blake3
vllm,prometheus-fastapi-instrumentator
vllm,setuptools
vllm,soundfile
vllm,pandas
vllm,requests
vllm,ninja
vllm,pybase64
vllm,fastapi
vllm,cbor2
vllm,lark
vllm,numba
vllm,filelock
vllm,tiktoken
vllm,llguidance
vllm,mistral_common
vllm,runai-model-streamer-gcs
vllm,protobuf
vllm,depyf
vllm,python-json-logger
waitress,docutils
waitress,coverage
waitress,sphinx
waitress,pylons-sphinx-themes
waitress,pytest
waitress,pytest-cov
weasyprint,pillow
weasyprint,pydyf
weasyprint,furo
weasyprint,cssselect2
weasyprint,pyphen
weasyprint,fonttools
weasyprint,cffi
weasyprint,ruff
weasyprint,sphinx
weasyprint,tinycss2
weasyprint,tinyhtml5
weasyprint,pytest
webob,legacy-cgi
webob,pytest-xdist
webob,sphinx
webob,pytest-cov
webob,pylons-sphinx-themes
webob,pytest
webob,coverage
werkzeug,watchdog
werkzeug,markupsafe
xgrammar,mlx-lm
xgrammar,ninja
xgrammar,numpy
xgrammar,huggingface-hub
xgrammar,transformers
xgrammar,typing-extensions
xgrammar,tiktoken
xgrammar,pydantic
xgrammar,torch
xgrammar,protobuf
xgrammar,sentencepiece
xgrammar,triton
xgrammar,pytest
xhtml2pdf,pillow
xhtml2pdf,reportlab
xhtml2pdf,pyhanko-certvalidator
xhtml2pdf,svglib
xhtml2pdf,arabic-reshaper
xhtml2pdf,pypdf
xhtml2pdf,build
xhtml2pdf,pyhanko
xhtml2pdf,html5lib
xhtml2pdf,tox
xhtml2pdf,python-bidi
xhtml2pdf,sphinx-rtd-theme
xhtml2pdf,sphinx_reredirects
xhtml2pdf,tomli
xhtml2pdf,sphinx
xhtml2pdf,twine
xhtml2pdf,coverage
ydata-profiling,jinja2
ydata-profiling,virtualenv
ydata-profiling,visions
ydata-profiling,sphinx-rtd-theme
ydata-profiling,filetype
ydata-profiling,mkdocs-table-reader-plugin
ydata-profiling,twine
ydata-profiling,multimethod
ydata-profiling,nbval
ydata-profiling,pyyaml
ydata-profiling,pyspark
ydata-profiling,sphinx-autodoc-typehints
ydata-profiling,codecov
ydata-profiling,jupyter
ydata-profiling,autodoc-pydantic
ydata-profiling,wordcloud
ydata-profiling,pydantic
ydata-profiling,seaborn
ydata-profiling,typeguard
ydata-profiling,mike
ydata-profiling,tqdm
ydata-profiling,pytest
ydata-profiling,black
ydata-profiling,numpy
ydata-profiling,mkdocs-material-extensions
ydata-profiling,myst-parser
ydata-profiling,wheel
ydata-profiling,ipywidgets
ydata-profiling,scipy
ydata-profiling,sphinx-multiversion
ydata-profiling,pre-commit
ydata-profiling,tangled-up-in-unicode
ydata-profiling,mkdocs
ydata-profiling,pandas
ydata-profiling,pyarrow
ydata-profiling,pytest-cov
ydata-profiling,requests
ydata-profiling,dacite
ydata-profiling,phik
ydata-profiling,matplotlib
ydata-profiling,numba
ydata-profiling,isort
ydata-profiling,mkdocstrings
ydata-profiling,mkdocs-badges
ydata-profiling,minify-html
ydata-profiling,statsmodels
ydata-profiling,imagehash
ydata-profiling,mkdocs-material
ydata-profiling,kaggle
ydata-profiling,coverage
yt-dlp,pyinstaller
yt-dlp,pip
yt-dlp,pycryptodomex
yt-dlp,yt-dlp-ejs
yt-dlp,urllib3
yt-dlp,hatchling
yt-dlp,mutagen
yt-dlp,build
yt-dlp,brotli
yt-dlp,secretstorage
yt-dlp,pytest
yt-dlp,curl-cffi
yt-dlp,wheel
yt-dlp,autopep8
yt-dlp,pre-commit
yt-dlp,ruff
yt-dlp,brotlicffi
yt-dlp,setuptools
yt-dlp,requests
yt-dlp,websockets
yt-dlp,cffi
yt-dlp,certifi
yt-dlp,pytest-rerunfailures
zipp,more_itertools
zipp,jaraco.tidelift
zipp,pytest-checkdocs
zipp,furo
zipp,rst.linker
zipp,big-o
zipp,jaraco.functools
zipp,jaraco.test
zipp,sphinx-lint
zipp,pytest-enabler
zipp,jaraco.packaging
zipp,jaraco.itertools
zipp,sphinx
zipp,pytest-mypy
zipp,pytest-cov
zipp,pytest-ignore-flaky
zipp,pytest
zipp,pytest-ruff
